{
    "camera_model": "PINHOLE",
    "fx": 422.49163818359375,
    "fy": 422.0202941894531,
    "cx": 428.5213317871094,
    "cy": 247.27781677246094,
    "W": 848,
    "H": 480,
    "image_topic": "/camera/color/image_raw",
    "pose_topic": "/visual_slam/tracking/odometry"
}
